Название;Сайт
КАРО 4 Высота;karofilm.ru
КАРО 6 Киргизия;karofilm.ru
КАРО 10 Реутов;karofilm.ru
КАРО 10 София;karofilm.ru
КАРО 11 Октябрь;karofilm.ru
КАРО 13 Кунцево;karofilm.ru
КАРО 4 Подольск;karofilm.ru
КАРО 5 Иридиум (Зеленоград);karofilm.ru
КАРО 6 Будапешт;karofilm.ru
КАРО 6 Севастопольский;karofilm.ru
КАРО 6 Щука;karofilm.ru
КАРО 7 Атриум;karofilm.ru
КАРО 8 Саларис;karofilm.ru
КАРО 8 Южное Бутово;karofilm.ru
КАРО 9 Vegas Каширский;karofilm.ru
КАРО Vegas 22;karofilm.ru
КАРО Sky 17;karofilm.ru
Киномакс XL;kinomax.ru
Киномакс Водный;kinomax.ru
Киномакс Мозаика;kinomax.ru
Киномакс Пражская;kinomax.ru
Киномакс Рига Молл;kinomax.ru
Киномакс Солярис;kinomax.ru
Киномакс Титан;kinomax.ru
Киномакс-Релакс Пушкино;kinomax.ru
Формула Кино Авиапарк;formulakino.ru
Формула Кино Европа;formulakino.ru
Формула Кино Горизонт;formulakino.ru
Формула Кино Черёмушки;formulakino.ru
Люксор Весна;luxorfilm.ru
Люксор Гудзон;luxorfilm.ru
Люксор Капитолий (Подольск);luxorfilm.ru
Синема Стар на Дмитровском;cinemastar.ru
Синема Стар Принц Плаза;cinemastar.ru
Пять звёзд на Павелецкой;5zvezd.ru
Пять звёзд Новокузнецкая;5zvezd.ru
Пять звёзд Бирюлево;5zvezd.ru
Синема Парк Мосфильм;kinoteatr.ru
Синема Парк Европейский;kinoteatr.ru
Синема Парк Красногорск;kinoteatr.ru
Москино Ангара;moskino.ru
Москино Берёзка;moskino.ru
Москино Вымпел;moskino.ru
Москино Звезда;moskino.ru
Москино Искра;moskino.ru
Москино Космос;moskino.ru
Москино Молодёжный;moskino.ru
Москино Полёт;moskino.ru
Москино Салют;moskino.ru
Москино Сатурн;moskino.ru
Москино Спутник;moskino.ru
Москино Тула;moskino.ru
Москино Факел;moskino.ru
Москино Юность;moskino.ru
Москино Марс;moskino.ru
Москино Рассвет;moskino.ru
Москино Эльбрус;moskino.ru
Москино Нева;moskino.ru
35 мм;kino35mm.ru
Алмаз Синема Азовский;almazcinema.ru
Алмаз Синема Алтуфьевский;almazcinema.ru
Ашхабад;ashhabad.ru
Балтика;baltika-kino.ru
Брест;brestfilm.ru
Бульвар;kinobulvar.info
Времена года;vremenagoda-cinema.ru
ГЭС-2 Кино;ges-2.org
Домжур;arbatkino.ru
Иллюзион;illuzion-cinema.ru
Кинозал ГУМа;gum.ru
Киносфера IMAX;cinemasphere.ru
Киноцентр Октябрь;kinocenter.ru
Пионер;pioner-cinema.ru
Победа;pobeda-kinozal.ru
Релизпарк Зеленоград;relizpark.ru
Художественный;khudozhestvenny.ru
